TRUNCATE users, assures, medecins, consultations, consultation_prescriptions, prescriptions_medicaments, prescriptions_specialistes, feuilles_maladie, remboursements RESTART IDENTITY CASCADE;

INSERT INTO users (id, email, password, role, profil_id) VALUES (1, 'assureur@secu-social.cm', 'admin123', 'assureur', '');
INSERT INTO users (id, email, password, role, profil_id) VALUES (2, 'medecin@secu-social.cm', 'medecin123', 'medecin', '1');
INSERT INTO users (id, email, password, role, profil_id) VALUES (4, 'specialiste@secu-social.cm', 'spec123', 'medecin', '2');

INSERT INTO assures (id, nom, prenom, date_naissance, sexe, num_secu, adresse, telephone, email, medecin_traitant_id) VALUES (1, 'Ngo', 'Marie', '1990-05-15', 'F', '1234567890123', 'Yaoundé, Cameroun', '+237677889900', 'patient@secu-social.cm', '1');
INSERT INTO assures (id, nom, prenom, date_naissance, sexe, num_secu, adresse, telephone, email, medecin_traitant_id) VALUES (2, 'Kamga', 'Pierre', '1985-11-22', 'M', '9876543210987', 'Douala, Cameroun', '+237699887766', 'pierre.kamga@email.cm', NULL);
INSERT INTO assures (id, nom, prenom, date_naissance, sexe, num_secu, adresse, telephone, email, medecin_traitant_id) VALUES (3, 'Atangana', 'Jeanne', '1978-03-08', 'F', '4567890123456', 'Bafoussam, Cameroun', '+237688554433', 'jeanne.atangana@email.cm', '1');
INSERT INTO assures (id, nom, prenom, date_naissance, sexe, num_secu, adresse, telephone, email, medecin_traitant_id) VALUES (4, 'Biyong', 'Paul', '2000-07-30', 'M', '7890123456789', 'Yaoundé, Cameroun', '+237622334455', 'paul.biyong@email.cm', NULL);
INSERT INTO assures (id, nom, prenom, date_naissance, sexe, num_secu, adresse, telephone, email, medecin_traitant_id) VALUES (5, 'Essono', 'Laure', '1978-08-31', 'F', '1026203770388', 'Obala, Cameroun', '+237622133828', 'laure.essono@yahoo.fr', NULL);
INSERT INTO assures (id, nom, prenom, date_naissance, sexe, num_secu, adresse, telephone, email, medecin_traitant_id) VALUES (6, 'Ngo', 'Florence', '1988-04-12', 'F', '5224580533495', 'Buea, Cameroun', '+237690188117', 'florence.ngo@gmail.com', '7');
INSERT INTO assures (id, nom, prenom, date_naissance, sexe, num_secu, adresse, telephone, email, medecin_traitant_id) VALUES (7, 'Wouafo', 'Aurelie', '1964-04-12', 'F', '1850566969203', 'Bafang, Cameroun', '+237699107984', 'aurelie.wouafo@outlook.com', '3');
INSERT INTO assures (id, nom, prenom, date_naissance, sexe, num_secu, adresse, telephone, email, medecin_traitant_id) VALUES (8, 'Mvondo', 'Paul', '1965-10-04', 'M', '4431424876993', 'Douala, Cameroun', '+237675863424', 'paul.mvondo@outlook.com', '3');
INSERT INTO assures (id, nom, prenom, date_naissance, sexe, num_secu, adresse, telephone, email, medecin_traitant_id) VALUES (9, 'Biyong', 'Esther', '1997-08-10', 'F', '5192042237052', 'Bamenda, Cameroun', '+237655881876', 'esther.biyong@email.cm', '1');
INSERT INTO assures (id, nom, prenom, date_naissance, sexe, num_secu, adresse, telephone, email, medecin_traitant_id) VALUES (10, 'Zogo', 'Josephine', '1955-04-07', 'F', '4998947416764', 'Ngaoundere, Cameroun', '+237680743484', 'josephine.zogo@email.cm', NULL);
INSERT INTO assures (id, nom, prenom, date_naissance, sexe, num_secu, adresse, telephone, email, medecin_traitant_id) VALUES (11, 'Sohaing', 'Marie', '1985-01-09', 'F', '7487826172541', 'Maroua, Cameroun', '+237688629626', 'marie.sohaing@outlook.com', '1');
INSERT INTO assures (id, nom, prenom, date_naissance, sexe, num_secu, adresse, telephone, email, medecin_traitant_id) VALUES (12, 'Wouafo', 'Stephanie', '1956-11-08', 'F', '9565622210609', 'Garoua, Cameroun', '+237688217939', 'stephanie.wouafo@gmail.com', '2');
INSERT INTO assures (id, nom, prenom, date_naissance, sexe, num_secu, adresse, telephone, email, medecin_traitant_id) VALUES (13, 'Kamga', 'Michel', '1966-05-12', 'M', '5280690059279', 'Obala, Cameroun', '+237670892795', 'michel.kamga@outlook.com', '2');
INSERT INTO assures (id, nom, prenom, date_naissance, sexe, num_secu, adresse, telephone, email, medecin_traitant_id) VALUES (14, 'Atangana', 'Paul', '1956-02-16', 'M', '5599402240455', 'Kumba, Cameroun', '+237655211433', 'paul.atangana@secu-social.cm', '1');
INSERT INTO assures (id, nom, prenom, date_naissance, sexe, num_secu, adresse, telephone, email, medecin_traitant_id) VALUES (15, 'Atangana', 'Bertrand', '1998-11-15', 'M', '4302502822671', 'Sangmelima, Cameroun', '+237670943163', 'bertrand.atangana@email.cm', NULL);
INSERT INTO assures (id, nom, prenom, date_naissance, sexe, num_secu, adresse, telephone, email, medecin_traitant_id) VALUES (16, 'Mbah', 'Jeanne', '1972-05-05', 'F', '9323881732816', 'Maroua, Cameroun', '+237677145524', 'jeanne.mbah@email.cm', '2');
INSERT INTO assures (id, nom, prenom, date_naissance, sexe, num_secu, adresse, telephone, email, medecin_traitant_id) VALUES (17, 'Ondoa', 'Eric', '1994-10-02', 'M', '8899570753851', 'Kumba, Cameroun', '+237655215614', 'eric.ondoa@gmail.com', '3');
INSERT INTO assures (id, nom, prenom, date_naissance, sexe, num_secu, adresse, telephone, email, medecin_traitant_id) VALUES (18, 'Essono', 'Esther', '1991-05-10', 'F', '9969226633770', 'Kumba, Cameroun', '+237680279570', 'esther.essono@email.cm', '2');
INSERT INTO assures (id, nom, prenom, date_naissance, sexe, num_secu, adresse, telephone, email, medecin_traitant_id) VALUES (19, 'Fotso', 'Priscille', '1960-04-02', 'F', '1098853922004', 'Obala, Cameroun', '+237690454175', 'priscille.fotso@secu-social.cm', '2');
INSERT INTO assures (id, nom, prenom, date_naissance, sexe, num_secu, adresse, telephone, email, medecin_traitant_id) VALUES (20, 'Sohaing', 'Nathalie', '1952-05-21', 'F', '6524953466402', 'Garoua, Cameroun', '+237688788373', 'nathalie.sohaing@secu-social.cm', NULL);
INSERT INTO assures (id, nom, prenom, date_naissance, sexe, num_secu, adresse, telephone, email, medecin_traitant_id) VALUES (21, 'Biyong', 'Henri', '1988-02-10', 'M', '5813443068607', 'Mbalmayo, Cameroun', '+237670366589', 'henri.biyong@gmail.com', '1');
INSERT INTO assures (id, nom, prenom, date_naissance, sexe, num_secu, adresse, telephone, email, medecin_traitant_id) VALUES (22, 'Djuidje', 'Sandrine', '2004-06-05', 'F', '4949501175487', 'Foumban, Cameroun', '+237655181383', 'sandrine.djuidje@gmail.com', '2');

INSERT INTO medecins (id, user_id, matricule, nom, prenom, specialite, email, telephone, adresse, est_aussi_assure) VALUES (1, '2', 'MED-001', 'Njiki', 'Jean', 'generaliste', 'medecin@secu-social.cm', '+237677889900', 'Yaoundé, Cameroun', FALSE);
INSERT INTO medecins (id, user_id, matricule, nom, prenom, specialite, email, telephone, adresse, est_aussi_assure) VALUES (2, NULL, 'MED-002', 'Eyanga', 'Sophie', 'specialiste', 'sophie.eyanga@email.cm', '+237699887766', 'Douala, Cameroun', TRUE);
INSERT INTO medecins (id, user_id, matricule, nom, prenom, specialite, email, telephone, adresse, est_aussi_assure) VALUES (3, NULL, 'MED-003', 'Mballa', 'Robert', 'generaliste', 'robert.mballa@email.cm', '+237655443322', 'Bafoussam, Cameroun', FALSE);
INSERT INTO medecins (id, user_id, matricule, nom, prenom, specialite, email, telephone, adresse, est_aussi_assure) VALUES (4, NULL, 'MED-004', 'Ngo', 'Simon', 'specialiste', 'catherine.njike@outlook.com', '+237675426325', 'Douala, Cameroun', FALSE);
INSERT INTO medecins (id, user_id, matricule, nom, prenom, specialite, email, telephone, adresse, est_aussi_assure) VALUES (5, NULL, 'MED-005', 'Tchinda', 'Josephine', 'generaliste', 'laure.fotso@yahoo.fr', '+237699247571', 'Obala, Cameroun', FALSE);
INSERT INTO medecins (id, user_id, matricule, nom, prenom, specialite, email, telephone, adresse, est_aussi_assure) VALUES (6, NULL, 'MED-006', 'Njike', 'Marc', 'specialiste', 'valerie.ondoa@secu-social.cm', '+237622687699', 'Limbe, Cameroun', TRUE);
INSERT INTO medecins (id, user_id, matricule, nom, prenom, specialite, email, telephone, adresse, est_aussi_assure) VALUES (7, NULL, 'MED-007', 'Biyong', 'Marie', 'generaliste', 'delphine.kouam@outlook.com', '+237688293177', 'Limbe, Cameroun', FALSE);
INSERT INTO medecins (id, user_id, matricule, nom, prenom, specialite, email, telephone, adresse, est_aussi_assure) VALUES (8, NULL, 'MED-008', 'Tchuente', 'Louis', 'generaliste', 'delphine.kamga@email.cm', '+237680393739', 'Bafang, Cameroun', FALSE);
INSERT INTO medecins (id, user_id, matricule, nom, prenom, specialite, email, telephone, adresse, est_aussi_assure) VALUES (9, NULL, 'MED-009', 'Mvondo', 'Louis', 'specialiste', 'sophie.kouam@secu-social.cm', '+237655887154', 'Kumba, Cameroun', FALSE);
INSERT INTO medecins (id, user_id, matricule, nom, prenom, specialite, email, telephone, adresse, est_aussi_assure) VALUES (10, NULL, 'MED-010', 'Wouafo', 'Aurelie', 'generaliste', 'esther.tchuente@email.cm', '+237699329682', 'Limbe, Cameroun', TRUE);
INSERT INTO medecins (id, user_id, matricule, nom, prenom, specialite, email, telephone, adresse, est_aussi_assure) VALUES (11, NULL, 'MED-011', 'Fotso', 'Bertrand', 'generaliste', 'marie.fotso@yahoo.fr', '+237677611595', 'Yaounde, Cameroun', FALSE);
INSERT INTO medecins (id, user_id, matricule, nom, prenom, specialite, email, telephone, adresse, est_aussi_assure) VALUES (12, NULL, 'MED-012', 'Nkwi', 'Francois', 'generaliste', 'esther.atangana@outlook.com', '+237670203921', 'Kumba, Cameroun', FALSE);
INSERT INTO medecins (id, user_id, matricule, nom, prenom, specialite, email, telephone, adresse, est_aussi_assure) VALUES (13, NULL, 'MED-013', 'Essono', 'Paul', 'generaliste', 'brigitte.piebo@outlook.com', '+237622875395', 'Kumba, Cameroun', FALSE);
INSERT INTO medecins (id, user_id, matricule, nom, prenom, specialite, email, telephone, adresse, est_aussi_assure) VALUES (14, NULL, 'MED-014', 'Sohaing', 'Carine', 'generaliste', 'christine.kouam@email.cm', '+237680941140', 'Mbalmayo, Cameroun', FALSE);
INSERT INTO medecins (id, user_id, matricule, nom, prenom, specialite, email, telephone, adresse, est_aussi_assure) VALUES (15, NULL, 'MED-015', 'Ondoa', 'Sandrine', 'generaliste', 'valerie.tagny@yahoo.fr', '+237670132752', 'Foumban, Cameroun', FALSE);
INSERT INTO medecins (id, user_id, matricule, nom, prenom, specialite, email, telephone, adresse, est_aussi_assure) VALUES (16, NULL, 'MED-016', 'Tchinda', 'Georges', 'specialiste', 'carine.mbah@email.cm', '+237688243219', 'Ngaoundere, Cameroun', FALSE);
INSERT INTO medecins (id, user_id, matricule, nom, prenom, specialite, email, telephone, adresse, est_aussi_assure) VALUES (17, NULL, 'MED-017', 'Mbah', 'Priscille', 'specialiste', 'brigitte.biyong@email.cm', '+237655147788', 'Mbalmayo, Cameroun', TRUE);
INSERT INTO medecins (id, user_id, matricule, nom, prenom, specialite, email, telephone, adresse, est_aussi_assure) VALUES (18, NULL, 'MED-018', 'Mbah', 'Andre', 'specialiste', 'stephanie.djuidje@gmail.com', '+237622872253', 'Kumba, Cameroun', TRUE);
INSERT INTO medecins (id, user_id, matricule, nom, prenom, specialite, email, telephone, adresse, est_aussi_assure) VALUES (19, NULL, 'MED-019', 'Zogo', 'Georges', 'generaliste', 'priscille.mbah@email.cm', '+237699349723', 'Ebolowa, Cameroun', FALSE);
INSERT INTO medecins (id, user_id, matricule, nom, prenom, specialite, email, telephone, adresse, est_aussi_assure) VALUES (20, NULL, 'MED-020', 'Tagny', 'Robert', 'specialiste', 'jeanne.tchinda@gmail.com', '+237677265879', 'Ngaoundere, Cameroun', FALSE);

INSERT INTO consultations (id, assure_id, medecin_id, date, heure, motif, observations, prescription_specialiste_id) VALUES (1, '1', '1', '2025-12-10', '09:30', 'Fièvre et maux de tête', 'Patient présente une fièvre modérée (38.5°C). Prescription d''antipyrétiques.', '2');
INSERT INTO consultation_prescriptions (consultation_id, prescription_id) VALUES (1, '1');
INSERT INTO consultations (id, assure_id, medecin_id, date, heure, motif, observations, prescription_specialiste_id) VALUES (2, '3', '1', '2025-12-15', '14:00', 'Douleurs lombaires persistantes', 'Patient se plaint de douleurs lombaires depuis 3 semaines. Examen clinique oriente vers une consultation spécialiste.', '1');
INSERT INTO consultation_prescriptions (consultation_id, prescription_id) VALUES (2, '2');
INSERT INTO consultations (id, assure_id, medecin_id, date, heure, motif, observations, prescription_specialiste_id) VALUES (3, '2', '3', '2025-12-20', '10:00', 'Consultation de routine', 'Patient en bonne santé générale. TA 12/8, pouls normal.', '3');
INSERT INTO consultations (id, assure_id, medecin_id, date, heure, motif, observations, prescription_specialiste_id) VALUES (4, '1', '2', '2025-12-22', '15:30', 'Consultation spécialiste - suivi neurologique', 'Patient vu pour suivi. IRM cérébrale normale. Rassuré.', '4');
INSERT INTO consultation_prescriptions (consultation_id, prescription_id) VALUES (4, '3');
INSERT INTO consultations (id, assure_id, medecin_id, date, heure, motif, observations, prescription_specialiste_id) VALUES (5, '21', '4', '2025-01-24', '15:30', 'Maux de dos', 'Consultation effectuee. Suivi a prevoir dans 1 mois.', NULL);
INSERT INTO consultations (id, assure_id, medecin_id, date, heure, motif, observations, prescription_specialiste_id) VALUES (6, '22', '20', '2026-06-11', '13:50', 'Hypertension arterielle', 'Consultation effectuee. Suivi a prevoir dans 1 mois.', NULL);
INSERT INTO consultations (id, assure_id, medecin_id, date, heure, motif, observations, prescription_specialiste_id) VALUES (7, '3', '19', '2026-04-28', '09:10', 'Hypertension arterielle', 'Consultation effectuee. Orientation vers specialiste recommandee.', '5');
INSERT INTO consultation_prescriptions (consultation_id, prescription_id) VALUES (7, '4');
INSERT INTO consultations (id, assure_id, medecin_id, date, heure, motif, observations, prescription_specialiste_id) VALUES (8, '12', '16', '2025-07-25', '08:10', 'Problemes de vision', 'Consultation effectuee. Orientation vers specialiste recommandee.', NULL);
INSERT INTO consultation_prescriptions (consultation_id, prescription_id) VALUES (8, '5');
INSERT INTO consultations (id, assure_id, medecin_id, date, heure, motif, observations, prescription_specialiste_id) VALUES (9, '17', '10', '2025-12-16', '18:50', 'Fievre et maux de tete', 'Consultation effectuee. Examens complementaires prescrits.', NULL);
INSERT INTO consultation_prescriptions (consultation_id, prescription_id) VALUES (9, '6');
INSERT INTO consultations (id, assure_id, medecin_id, date, heure, motif, observations, prescription_specialiste_id) VALUES (10, '6', '15', '2025-11-22', '18:40', 'Fatigue generale', 'Consultation effectuee. Orientation vers specialiste recommandee.', NULL);
INSERT INTO consultation_prescriptions (consultation_id, prescription_id) VALUES (10, '7');
INSERT INTO consultations (id, assure_id, medecin_id, date, heure, motif, observations, prescription_specialiste_id) VALUES (11, '21', '7', '2025-10-19', '15:10', 'Migraines chroniques', 'Consultation effectuee. Patient stable.', NULL);
INSERT INTO consultations (id, assure_id, medecin_id, date, heure, motif, observations, prescription_specialiste_id) VALUES (12, '21', '17', '2025-11-25', '07:40', 'Consultation de routine', 'Consultation effectuee. Patient stable.', NULL);
INSERT INTO consultations (id, assure_id, medecin_id, date, heure, motif, observations, prescription_specialiste_id) VALUES (13, '8', '12', '2025-12-30', '18:50', 'Diabete - suivi', 'Consultation effectuee. Amelioration notable.', NULL);
INSERT INTO consultations (id, assure_id, medecin_id, date, heure, motif, observations, prescription_specialiste_id) VALUES (14, '3', '19', '2026-02-18', '15:50', 'Infection urinaire', 'Consultation effectuee. Patient stable.', NULL);
INSERT INTO consultation_prescriptions (consultation_id, prescription_id) VALUES (14, '8');
INSERT INTO consultations (id, assure_id, medecin_id, date, heure, motif, observations, prescription_specialiste_id) VALUES (15, '1', '2', '2025-04-18', '17:10', 'Migraines chroniques', 'Consultation effectuee. Orientation vers specialiste recommandee.', '6');
INSERT INTO consultation_prescriptions (consultation_id, prescription_id) VALUES (15, '9');
INSERT INTO consultations (id, assure_id, medecin_id, date, heure, motif, observations, prescription_specialiste_id) VALUES (16, '22', '9', '2026-02-02', '07:10', 'Diabete - suivi', 'Consultation effectuee. Orientation vers specialiste recommandee.', NULL);
INSERT INTO consultation_prescriptions (consultation_id, prescription_id) VALUES (16, '10');
INSERT INTO consultations (id, assure_id, medecin_id, date, heure, motif, observations, prescription_specialiste_id) VALUES (17, '9', '1', '2026-02-21', '17:50', 'Maux de dos', 'Consultation effectuee. Orientation vers specialiste recommandee.', '7');
INSERT INTO consultation_prescriptions (consultation_id, prescription_id) VALUES (17, '11');
INSERT INTO consultations (id, assure_id, medecin_id, date, heure, motif, observations, prescription_specialiste_id) VALUES (18, '1', '8', '2025-06-04', '15:20', 'Allergie saisonniere', 'Consultation effectuee. Patient stable.', NULL);
INSERT INTO consultations (id, assure_id, medecin_id, date, heure, motif, observations, prescription_specialiste_id) VALUES (19, '21', '8', '2026-04-20', '14:40', 'Infection urinaire', 'Consultation effectuee. Orientation vers specialiste recommandee.', NULL);
INSERT INTO consultations (id, assure_id, medecin_id, date, heure, motif, observations, prescription_specialiste_id) VALUES (20, '16', '5', '2025-08-06', '08:30', 'Consultation de routine', 'Consultation effectuee. Patient stable.', '8');
INSERT INTO consultation_prescriptions (consultation_id, prescription_id) VALUES (20, '12');
INSERT INTO consultations (id, assure_id, medecin_id, date, heure, motif, observations, prescription_specialiste_id) VALUES (21, '12', '15', '2025-12-09', '09:40', 'Anxiete', 'Consultation effectuee. Examens complementaires prescrits.', NULL);
INSERT INTO consultations (id, assure_id, medecin_id, date, heure, motif, observations, prescription_specialiste_id) VALUES (22, '15', '6', '2025-08-04', '07:00', 'Problemes de vision', 'Consultation effectuee. Examens complementaires prescrits.', '9');
INSERT INTO consultations (id, assure_id, medecin_id, date, heure, motif, observations, prescription_specialiste_id) VALUES (23, '21', '19', '2025-12-12', '08:20', 'Toux persistante', 'Consultation effectuee. Suivi a prevoir dans 1 mois.', NULL);
INSERT INTO consultation_prescriptions (consultation_id, prescription_id) VALUES (23, '13');
INSERT INTO consultations (id, assure_id, medecin_id, date, heure, motif, observations, prescription_specialiste_id) VALUES (24, '18', '10', '2025-02-20', '07:30', 'Douleurs abdominales', 'Consultation effectuee. Patient stable.', NULL);
INSERT INTO consultation_prescriptions (consultation_id, prescription_id) VALUES (24, '14');

INSERT INTO prescriptions_medicaments (id, assure_id, medecin_id, medicament, posologie, duree, date) VALUES (1, '1', '1', 'Paracétamol 500mg', '1 comprimé 3 fois par jour', '5 jours', '2025-12-10');
INSERT INTO prescriptions_medicaments (id, assure_id, medecin_id, medicament, posologie, duree, date) VALUES (2, '3', '1', 'Ibuprofène 400mg', '1 comprimé 2 fois par jour', '7 jours', '2025-12-15');
INSERT INTO prescriptions_medicaments (id, assure_id, medecin_id, medicament, posologie, duree, date) VALUES (3, '1', '2', 'Diazepam 5mg', '1 gelule matin et soir', '3 jours', '2025-12-22');
INSERT INTO prescriptions_medicaments (id, assure_id, medecin_id, medicament, posologie, duree, date) VALUES (4, '3', '19', 'Vitamine C 1000mg', '1 gelule matin et soir', '10 jours', '2026-04-28');
INSERT INTO prescriptions_medicaments (id, assure_id, medecin_id, medicament, posologie, duree, date) VALUES (5, '12', '16', 'Amlodipine 5mg', '1 injection par semaine', '21 jours', '2025-07-25');
INSERT INTO prescriptions_medicaments (id, assure_id, medecin_id, medicament, posologie, duree, date) VALUES (6, '17', '10', 'Ibuprofene 400mg', '1 comprime le matin', '14 jours', '2025-12-16');
INSERT INTO prescriptions_medicaments (id, assure_id, medecin_id, medicament, posologie, duree, date) VALUES (7, '6', '15', 'Amoxicilline 500mg', '1 sachet 3x/jour', '30 jours', '2025-11-22');
INSERT INTO prescriptions_medicaments (id, assure_id, medecin_id, medicament, posologie, duree, date) VALUES (8, '3', '19', 'Diazepam 5mg', '1 injection par semaine', '21 jours', '2026-02-18');
INSERT INTO prescriptions_medicaments (id, assure_id, medecin_id, medicament, posologie, duree, date) VALUES (9, '1', '2', 'Sertraline 50mg', '1 comprime 2x/jour', '3 jours', '2025-04-18');
INSERT INTO prescriptions_medicaments (id, assure_id, medecin_id, medicament, posologie, duree, date) VALUES (10, '22', '9', 'Ramipril 5mg', '1 comprime le matin', '30 jours', '2026-02-02');
INSERT INTO prescriptions_medicaments (id, assure_id, medecin_id, medicament, posologie, duree, date) VALUES (11, '9', '1', 'Prednisolone 20mg', '1 comprime au coucher', '3 mois', '2026-02-21');
INSERT INTO prescriptions_medicaments (id, assure_id, medecin_id, medicament, posologie, duree, date) VALUES (12, '16', '5', 'Plaquenil 200mg', '1 comprime 1x/jour', '10 jours', '2025-08-06');
INSERT INTO prescriptions_medicaments (id, assure_id, medecin_id, medicament, posologie, duree, date) VALUES (13, '21', '19', 'Diclofenac 50mg', '1 comprime 3x/jour', '21 jours', '2025-12-12');
INSERT INTO prescriptions_medicaments (id, assure_id, medecin_id, medicament, posologie, duree, date) VALUES (14, '18', '10', 'Doliprane 1000mg', '1 comprime le matin', '10 jours', '2025-02-20');

INSERT INTO prescriptions_specialistes (id, assure_id, medecin_id_generaliste, specialiste_id, motif, justificatif, date) VALUES (1, '3', '1', '2', 'Douleurs lombaires persistantes - suspicion de hernie discale', 'Examen clinique révèle une limitation des mouvements du rachis lombaire avec irradiation. IRM recommandée.', '2025-12-15');
INSERT INTO prescriptions_specialistes (id, assure_id, medecin_id_generaliste, specialiste_id, motif, justificatif, date) VALUES (2, '1', '1', '18', 'Fièvre et maux de tête', 'Justificatif medical necessitant un avis specialiste pour fièvre et maux de tête.', '2025-12-10');
INSERT INTO prescriptions_specialistes (id, assure_id, medecin_id_generaliste, specialiste_id, motif, justificatif, date) VALUES (3, '2', '3', '13', 'Consultation de routine', 'Justificatif medical necessitant un avis specialiste pour consultation de routine.', '2025-12-20');
INSERT INTO prescriptions_specialistes (id, assure_id, medecin_id_generaliste, specialiste_id, motif, justificatif, date) VALUES (4, '1', '2', '8', 'Consultation spécialiste - suivi neurologique', 'Justificatif medical necessitant un avis specialiste pour consultation spécialiste - suivi neurologique.', '2025-12-22');
INSERT INTO prescriptions_specialistes (id, assure_id, medecin_id_generaliste, specialiste_id, motif, justificatif, date) VALUES (5, '3', '19', '7', 'Hypertension arterielle', 'Justificatif medical necessitant un avis specialiste pour hypertension arterielle.', '2026-04-28');
INSERT INTO prescriptions_specialistes (id, assure_id, medecin_id_generaliste, specialiste_id, motif, justificatif, date) VALUES (6, '1', '2', '8', 'Migraines chroniques', 'Justificatif medical necessitant un avis specialiste pour migraines chroniques.', '2025-04-18');
INSERT INTO prescriptions_specialistes (id, assure_id, medecin_id_generaliste, specialiste_id, motif, justificatif, date) VALUES (7, '9', '1', '9', 'Maux de dos', 'Justificatif medical necessitant un avis specialiste pour maux de dos.', '2026-02-21');
INSERT INTO prescriptions_specialistes (id, assure_id, medecin_id_generaliste, specialiste_id, motif, justificatif, date) VALUES (8, '16', '5', '13', 'Consultation de routine', 'Justificatif medical necessitant un avis specialiste pour consultation de routine.', '2025-08-06');
INSERT INTO prescriptions_specialistes (id, assure_id, medecin_id_generaliste, specialiste_id, motif, justificatif, date) VALUES (9, '15', '6', '14', 'Problemes de vision', 'Justificatif medical necessitant un avis specialiste pour problemes de vision.', '2025-08-04');

INSERT INTO feuilles_maladie (id, consultation_id, assure_id, medecin_id, date, details, medicaments_prescrits, recommandation_specialiste, validee) VALUES (1, '1', '1', '1', '2025-12-10', 'Consultation pour fièvre et maux de tête. Examen clinique complet. Prescription d''antipyrétiques.', 'Paracétamol 500mg - 1 comprimé 3x/jour pendant 5 jours', NULL, TRUE);
INSERT INTO feuilles_maladie (id, consultation_id, assure_id, medecin_id, date, details, medicaments_prescrits, recommandation_specialiste, validee) VALUES (2, '2', '3', '1', '2025-12-15', 'Consultation pour douleurs lombaires persistantes. Examen clinique effectué. Réorientation vers spécialiste.', 'Ibuprofène 400mg - 1 comprimé 2x/jour pendant 7 jours', 'Consultation spécialiste recommandée pour suspicion de hernie discale', TRUE);
INSERT INTO feuilles_maladie (id, consultation_id, assure_id, medecin_id, date, details, medicaments_prescrits, recommandation_specialiste, validee) VALUES (3, '3', '2', '3', '2025-12-20', 'Consultation de routine. Patient en bonne santé.', NULL, NULL, FALSE);
INSERT INTO feuilles_maladie (id, consultation_id, assure_id, medecin_id, date, details, medicaments_prescrits, recommandation_specialiste, validee) VALUES (4, '1', '1', '1', '2025-12-10', 'Consultation pour fièvre et maux de tête. Patient vu en consultation.', 'Ventoline 100mcg - 1 sachet 3x/jour pendant 3 mois', 'Consultation specialiste recommandee.', TRUE);
INSERT INTO feuilles_maladie (id, consultation_id, assure_id, medecin_id, date, details, medicaments_prescrits, recommandation_specialiste, validee) VALUES (5, '2', '3', '1', '2025-12-15', 'Consultation pour douleurs lombaires persistantes. Patient vu en consultation.', 'Ibuprofene 400mg - 1 sachet 3x/jour pendant 7 jours', 'Consultation specialiste recommandee.', TRUE);
INSERT INTO feuilles_maladie (id, consultation_id, assure_id, medecin_id, date, details, medicaments_prescrits, recommandation_specialiste, validee) VALUES (6, '3', '2', '3', '2025-12-20', 'Consultation pour consultation de routine. Patient vu en consultation.', NULL, 'Consultation specialiste recommandee.', TRUE);
INSERT INTO feuilles_maladie (id, consultation_id, assure_id, medecin_id, date, details, medicaments_prescrits, recommandation_specialiste, validee) VALUES (7, '4', '1', '2', '2025-12-22', 'Consultation pour consultation spécialiste - suivi neurologique. Examens complementaires prescrits.', 'Spasfon 80mg - 1 comprime 3x/jour pendant 3 jours', 'Consultation specialiste recommandee.', TRUE);
INSERT INTO feuilles_maladie (id, consultation_id, assure_id, medecin_id, date, details, medicaments_prescrits, recommandation_specialiste, validee) VALUES (8, '5', '21', '4', '2025-01-24', 'Consultation pour maux de dos. Patient vu en consultation.', NULL, NULL, TRUE);
INSERT INTO feuilles_maladie (id, consultation_id, assure_id, medecin_id, date, details, medicaments_prescrits, recommandation_specialiste, validee) VALUES (9, '6', '22', '20', '2026-06-11', 'Consultation pour hypertension arterielle. Examens complementaires prescrits.', NULL, NULL, FALSE);
INSERT INTO feuilles_maladie (id, consultation_id, assure_id, medecin_id, date, details, medicaments_prescrits, recommandation_specialiste, validee) VALUES (10, '7', '3', '19', '2026-04-28', 'Consultation pour hypertension arterielle. Examen clinique complet.', 'Paracetamol 500mg - 1 comprime 2x/jour pendant 2 mois', 'Consultation specialiste recommandee.', TRUE);
INSERT INTO feuilles_maladie (id, consultation_id, assure_id, medecin_id, date, details, medicaments_prescrits, recommandation_specialiste, validee) VALUES (11, '8', '12', '16', '2025-07-25', 'Consultation pour problemes de vision. Examen clinique complet.', 'Diclofenac 50mg - 1 comprime 2x/jour pendant 7 jours', NULL, TRUE);
INSERT INTO feuilles_maladie (id, consultation_id, assure_id, medecin_id, date, details, medicaments_prescrits, recommandation_specialiste, validee) VALUES (12, '9', '17', '10', '2025-12-16', 'Consultation pour fievre et maux de tete. Examen clinique complet.', 'Plaquenil 200mg - 1 sachet 3x/jour pendant 5 jours', NULL, TRUE);
INSERT INTO feuilles_maladie (id, consultation_id, assure_id, medecin_id, date, details, medicaments_prescrits, recommandation_specialiste, validee) VALUES (13, '10', '6', '15', '2025-11-22', 'Consultation pour fatigue generale. Patient vu en consultation.', 'Diazepam 5mg - 1 comprime 3x/jour pendant 2 mois', NULL, TRUE);
INSERT INTO feuilles_maladie (id, consultation_id, assure_id, medecin_id, date, details, medicaments_prescrits, recommandation_specialiste, validee) VALUES (14, '11', '21', '7', '2025-10-19', 'Consultation pour migraines chroniques. Examens complementaires prescrits.', NULL, NULL, FALSE);
INSERT INTO feuilles_maladie (id, consultation_id, assure_id, medecin_id, date, details, medicaments_prescrits, recommandation_specialiste, validee) VALUES (15, '12', '21', '17', '2025-11-25', 'Consultation pour consultation de routine. Patient vu en consultation.', NULL, NULL, TRUE);
INSERT INTO feuilles_maladie (id, consultation_id, assure_id, medecin_id, date, details, medicaments_prescrits, recommandation_specialiste, validee) VALUES (16, '13', '8', '12', '2025-12-30', 'Consultation pour diabete - suivi. Patient vu en consultation.', NULL, NULL, FALSE);
INSERT INTO feuilles_maladie (id, consultation_id, assure_id, medecin_id, date, details, medicaments_prescrits, recommandation_specialiste, validee) VALUES (17, '14', '3', '19', '2026-02-18', 'Consultation pour infection urinaire. Examens complementaires prescrits.', 'Omeprazole 20mg - 1 sachet 3x/jour pendant 30 jours', NULL, TRUE);
INSERT INTO feuilles_maladie (id, consultation_id, assure_id, medecin_id, date, details, medicaments_prescrits, recommandation_specialiste, validee) VALUES (18, '15', '1', '2', '2025-04-18', 'Consultation pour migraines chroniques. Patient vu en consultation.', 'Ramipril 5mg - 2 comprimes 3x/jour pendant 3 jours', 'Consultation specialiste recommandee.', TRUE);
INSERT INTO feuilles_maladie (id, consultation_id, assure_id, medecin_id, date, details, medicaments_prescrits, recommandation_specialiste, validee) VALUES (19, '16', '22', '9', '2026-02-02', 'Consultation pour diabete - suivi. Examen clinique complet.', 'Dafalgan 500mg - 1 comprime au coucher pendant 2 mois', NULL, TRUE);
INSERT INTO feuilles_maladie (id, consultation_id, assure_id, medecin_id, date, details, medicaments_prescrits, recommandation_specialiste, validee) VALUES (20, '17', '9', '1', '2026-02-21', 'Consultation pour maux de dos. Examens complementaires prescrits.', 'Vitamine C 1000mg - 1 comprime 3x/jour pendant 3 jours', 'Consultation specialiste recommandee.', TRUE);
INSERT INTO feuilles_maladie (id, consultation_id, assure_id, medecin_id, date, details, medicaments_prescrits, recommandation_specialiste, validee) VALUES (21, '18', '1', '8', '2025-06-04', 'Consultation pour allergie saisonniere. Patient vu en consultation.', NULL, NULL, TRUE);
INSERT INTO feuilles_maladie (id, consultation_id, assure_id, medecin_id, date, details, medicaments_prescrits, recommandation_specialiste, validee) VALUES (22, '19', '21', '8', '2026-04-20', 'Consultation pour infection urinaire. Examens complementaires prescrits.', NULL, NULL, TRUE);
INSERT INTO feuilles_maladie (id, consultation_id, assure_id, medecin_id, date, details, medicaments_prescrits, recommandation_specialiste, validee) VALUES (23, '20', '16', '5', '2025-08-06', 'Consultation pour consultation de routine. Examens complementaires prescrits.', 'Sertraline 50mg - 1 injection par semaine pendant 2 mois', 'Consultation specialiste recommandee.', FALSE);
INSERT INTO feuilles_maladie (id, consultation_id, assure_id, medecin_id, date, details, medicaments_prescrits, recommandation_specialiste, validee) VALUES (24, '21', '12', '15', '2025-12-09', 'Consultation pour anxiete. Examen clinique complet.', NULL, NULL, FALSE);

INSERT INTO remboursements (id, feuille_maladie_id, assure_id, consultation_id, montant_total, taux, montant_rembourse, mode_paiement, rib, date, horodatage, imprime) VALUES (1, '1', '1', '1', 5000, 100, 5000, 'virement', 'CM12345678901234567890', '2025-12-11', '2025-12-11T10:30:00.000Z', TRUE);
INSERT INTO remboursements (id, feuille_maladie_id, assure_id, consultation_id, montant_total, taux, montant_rembourse, mode_paiement, rib, date, horodatage, imprime) VALUES (2, '2', '3', '2', 8000, 80, 6400, 'especes', NULL, '2025-12-16', '2025-12-16T14:00:00.000Z', FALSE);
INSERT INTO remboursements (id, feuille_maladie_id, assure_id, consultation_id, montant_total, taux, montant_rembourse, mode_paiement, rib, date, horodatage, imprime) VALUES (3, '3', '2', '3', 3000, 100, 3000, 'virement', 'CM98765432109876543210', '2025-12-20', '2025-12-20T11:00:00.000Z', FALSE);
INSERT INTO remboursements (id, feuille_maladie_id, assure_id, consultation_id, montant_total, taux, montant_rembourse, mode_paiement, rib, date, horodatage, imprime) VALUES (4, '1', '4', '4', 15000, 80, 12000, '', NULL, '2025-11-01', '2025-11-01T09:00:00.000Z', FALSE);
INSERT INTO remboursements (id, feuille_maladie_id, assure_id, consultation_id, montant_total, taux, montant_rembourse, mode_paiement, rib, date, horodatage, imprime) VALUES (5, '5', '3', '2', 5500, 100, 5500, 'virement', 'CM8427766459364120573546', '2025-12-17', '2026-06-18T09:29:34.500Z', TRUE);
INSERT INTO remboursements (id, feuille_maladie_id, assure_id, consultation_id, montant_total, taux, montant_rembourse, mode_paiement, rib, date, horodatage, imprime) VALUES (6, '6', '2', '3', 7000, 80, 5600, 'especes', NULL, '2026-04-14', '2026-06-18T09:29:34.501Z', FALSE);
INSERT INTO remboursements (id, feuille_maladie_id, assure_id, consultation_id, montant_total, taux, montant_rembourse, mode_paiement, rib, date, horodatage, imprime) VALUES (7, '7', '1', '4', 10500, 100, 10500, 'virement', 'CM9269616506690386001025', '2025-09-29', '2026-06-18T09:29:34.501Z', TRUE);
INSERT INTO remboursements (id, feuille_maladie_id, assure_id, consultation_id, montant_total, taux, montant_rembourse, mode_paiement, rib, date, horodatage, imprime) VALUES (8, '8', '21', '5', 20500, 80, 16400, 'virement', 'CM3754589688542258482186', '2025-09-24', '2026-06-18T09:29:34.501Z', TRUE);
INSERT INTO remboursements (id, feuille_maladie_id, assure_id, consultation_id, montant_total, taux, montant_rembourse, mode_paiement, rib, date, horodatage, imprime) VALUES (9, '9', '22', '6', 23000, 100, 23000, 'especes', NULL, '2025-10-07', '2026-06-18T09:29:34.501Z', FALSE);
INSERT INTO remboursements (id, feuille_maladie_id, assure_id, consultation_id, montant_total, taux, montant_rembourse, mode_paiement, rib, date, horodatage, imprime) VALUES (10, '10', '3', '7', 13500, 100, 13500, 'virement', 'CM2823453940386277999810', '2025-09-09', '2026-06-18T09:29:34.501Z', TRUE);
INSERT INTO remboursements (id, feuille_maladie_id, assure_id, consultation_id, montant_total, taux, montant_rembourse, mode_paiement, rib, date, horodatage, imprime) VALUES (11, '11', '12', '8', 25000, 80, 20000, 'virement', 'CM8525011181056523549649', '2025-07-11', '2026-06-18T09:29:34.501Z', TRUE);
INSERT INTO remboursements (id, feuille_maladie_id, assure_id, consultation_id, montant_total, taux, montant_rembourse, mode_paiement, rib, date, horodatage, imprime) VALUES (12, '12', '17', '9', 11500, 100, 11500, 'virement', 'CM1097522728032578204399', '2025-12-17', '2026-06-18T09:29:34.501Z', TRUE);
INSERT INTO remboursements (id, feuille_maladie_id, assure_id, consultation_id, montant_total, taux, montant_rembourse, mode_paiement, rib, date, horodatage, imprime) VALUES (13, '13', '6', '10', 12000, 80, 9600, 'especes', NULL, '2026-02-19', '2026-06-18T09:29:34.501Z', FALSE);
INSERT INTO remboursements (id, feuille_maladie_id, assure_id, consultation_id, montant_total, taux, montant_rembourse, mode_paiement, rib, date, horodatage, imprime) VALUES (14, '14', '21', '11', 15000, 80, 12000, 'virement', 'CM6397959513389118830081', '2025-09-07', '2026-06-18T09:29:34.501Z', TRUE);
INSERT INTO remboursements (id, feuille_maladie_id, assure_id, consultation_id, montant_total, taux, montant_rembourse, mode_paiement, rib, date, horodatage, imprime) VALUES (15, '15', '21', '12', 20500, 100, 20500, 'virement', 'CM6347163191621909271871', '2026-04-22', '2026-06-18T09:29:34.501Z', TRUE);
INSERT INTO remboursements (id, feuille_maladie_id, assure_id, consultation_id, montant_total, taux, montant_rembourse, mode_paiement, rib, date, horodatage, imprime) VALUES (16, '16', '8', '13', 9000, 80, 7200, 'especes', NULL, '2026-01-21', '2026-06-18T09:29:34.501Z', TRUE);
INSERT INTO remboursements (id, feuille_maladie_id, assure_id, consultation_id, montant_total, taux, montant_rembourse, mode_paiement, rib, date, horodatage, imprime) VALUES (17, '17', '3', '14', 12000, 100, 12000, 'especes', NULL, '2025-09-24', '2026-06-18T09:29:34.501Z', TRUE);
INSERT INTO remboursements (id, feuille_maladie_id, assure_id, consultation_id, montant_total, taux, montant_rembourse, mode_paiement, rib, date, horodatage, imprime) VALUES (18, '18', '1', '15', 7000, 100, 7000, 'especes', NULL, '2026-05-13', '2026-06-18T09:29:34.501Z', FALSE);
INSERT INTO remboursements (id, feuille_maladie_id, assure_id, consultation_id, montant_total, taux, montant_rembourse, mode_paiement, rib, date, horodatage, imprime) VALUES (19, '19', '22', '16', 13000, 100, 13000, 'virement', 'CM9829540779889566083456', '2026-04-16', '2026-06-18T09:29:34.501Z', TRUE);
INSERT INTO remboursements (id, feuille_maladie_id, assure_id, consultation_id, montant_total, taux, montant_rembourse, mode_paiement, rib, date, horodatage, imprime) VALUES (20, '20', '9', '17', 21000, 80, 16800, 'virement', 'CM6918192701249754200788', '2025-01-12', '2026-06-18T09:29:34.501Z', FALSE);
INSERT INTO remboursements (id, feuille_maladie_id, assure_id, consultation_id, montant_total, taux, montant_rembourse, mode_paiement, rib, date, horodatage, imprime) VALUES (21, '21', '1', '18', 24000, 80, 19200, 'especes', NULL, '2026-02-28', '2026-06-18T09:29:34.501Z', TRUE);
INSERT INTO remboursements (id, feuille_maladie_id, assure_id, consultation_id, montant_total, taux, montant_rembourse, mode_paiement, rib, date, horodatage, imprime) VALUES (22, '22', '21', '19', 24000, 100, 24000, 'virement', 'CM8365726039557152649608', '2026-01-22', '2026-06-18T09:29:34.501Z', TRUE);
INSERT INTO remboursements (id, feuille_maladie_id, assure_id, consultation_id, montant_total, taux, montant_rembourse, mode_paiement, rib, date, horodatage, imprime) VALUES (23, '4', '1', '1', 15239, 100, 15239, 'especes', NULL, '2026-06-18', '2026-06-18T10:03:51.390Z', FALSE);

SELECT setval('users_id_seq', 5, true);
SELECT setval('assures_id_seq', 23, true);
SELECT setval('medecins_id_seq', 21, true);
SELECT setval('consultations_id_seq', 25, true);
SELECT setval('prescriptions_medicaments_id_seq', 15, true);
SELECT setval('prescriptions_specialistes_id_seq', 10, true);
SELECT setval('feuilles_maladie_id_seq', 25, true);
SELECT setval('remboursements_id_seq', 24, true);
